# Generated by tools/re/vtables.py - the engine's C++ vtables, found from the code that
# installs them. Do not edit: regenerate instead.
# vtable	slots	installed by	method addresses
002ee220	16	0010c880	0019a328,0023c7a8,0023d300,0011e750,00109520,0023c850,0023c7a0,0011e5b8,0011e600,0011e7a8,0011e3d0,0011e3d8,0011e658,0011e698,0023c7c8,0023c7d0
002ee2a0	8	0010a6e8,0010b298	0023c7d8,0023c7e0,0023c7e8,0011ea18,0011ea70,0011e3f0,00109290,0023c810
002ee2e0	12	0010b298	0023c818,0023c820,0023c828,0023c830,0023d490,0023c838,0023c840,0023c848,0023c8e8,0023c8f0,0023c8f8,0023c900
002ee340	40	0010aa50	0023c908,0011e408,0011e3c8,0011e3e0,-,-,0011e388,00106c40,-,-,0011e340,0011e370,0011e1d8,-,-,0011e300,0011e330,0011e1d8,-,-,0011e2c0,0011e2f0,0011e1d8,-,-,0011e270,0011e2a0,0011e1d8,-,-,0011e220,0011e250,0011e1d8,-,-,0011e1e0,0011e210,0011e1d8,-,-
002ee488	834	Command_SetAgent_Run	00119d88,00119ec0,00208380,0011e1d0,00208388,-,-,0011e108,00122068,00119748,001222b0,001222b8,-,-,0011e070,00119420,00119618,00208380,0011e100,00208388,-,-,0011e038,00121f28,00118db8,00121f30,00121f38,-,-,0011df88,00121938,00116fe0,001219c0,001219c8,-,-,0011df58,00121c30,00121ce8,00208380,0011df80,00208388,-,-,0011df20,0011df48,00121e28,00208380,0011df50,00208388,-,-,0011def0,00116768,00116a78,00208380,0011df18,00208388,-,-,0011de78,0011deb8,0011dec0,0011dec8,0011dee8,-,-,0011de20,00121848,001218d0,001160e0,-,-,0011ddf8,00121758,001217e8,00208380,0011de18,00208388,-,-,0011ddd0,00115ea0,00121718,00208380,0011ddf0,00208388,-,-,0011dda0,00115bf8,00115cf8,00208380,0011ddc8,00208388,-,-,0011dd70,00208378,00111fd0,00208380,0011dd98,00208388,-,-,0011dd40,00111cc0,00111e20,00208380,0011dd68,00208388,-,-,0011dd18,00111af0,00111bd8,00208380,0011dd38,00208388,-,-,0011dce8,00208378,00111a00,00208380,0011dd10,00208388,-,-,0011dcb8,00208378,00120128,00208380,0011dce0,00208388,-,-,0011dc88,00208378,00120080,00208380,0011dcb0,00208388,-,-,0011dc58,00208378,0011ffd8,00208380,0011dc80,00208388,-,-,0011dc30,00208378,0011ffd0,00208380,0011dc50,00208388,-,-,0011dc08,00208378,0011ffc8,00208380,0011dc28,00208388,-,-,0011dbd8,001116a8,00111838,00208380,0011dc00,00208388,-,-,0011dbb0,001112f8,00111490,00208380,0011dbd0,00208388,-,-,0011db78,0011dba0,00111148,00208380,0011dba8,00208388,-,-,0011db48,0010fdc0,001102d0,00208380,0011db70,00208388,-,-,0011db18,0011fd28,0010f368,00208380,0011db40,00208388,-,-,0011dae8,0011fd20,0010f248,00208380,0011db10,00208388,-,-,0011dac0,00208378,0010fb88,00208380,0011dae0,00208388,-,-,0011da98,00208378,0011ff60,00208380,0011dab8,00208388,-,-,0011da68,0010f480,0010f6e8,00208380,0011da90,00208388,-,-,0011da40,00208378,0011fd30,00208380,0011da60,00208388,-,-,0011d9f0,0011fc50,0010f140,00208380,0011da38,00208388,-,-,0011d9c0,0010d0d0,0011f5b8,0010d238,0011d9e8,00208388,-,-,0011d990,0010ce98,0010cfd0,00208380,0011d9b8,00208388,-,-,0011d960,0011f4d0,0011f580,00208380,0011d988,00208388,-,-,0011d930,0010cdd0,0011f468,00208380,0011d958,00208388,-,-,0011d900,0010cc78,0011f3b0,00208380,0011d928,00208388,-,-,0011d8d8,0010cba0,0011f3a8,00208380,0011d8f8,00208388,-,-,0011d8a0,0011d8c8,0011f9d0,00208380,0011d8d0,00208388,-,-,0011d878,0011f8e8,0011f978,00208380,0011d898,00208388,-,-,0011d848,0010def8,0010dfb8,00208380,0011d870,00208388,-,-,0011d820,0010d9e0,0010dac8,00208380,0011d840,00208388,-,-,0011d7f8,0011f7a8,0011f830,00208380,0011d818,00208388,-,-,0011d7d0,0011f680,0011f708,00208380,0011d7f0,00208388,-,-,0011d7a8,0010d740,0011f650,00208380,0011d7c8,00208388,-,-,0011d780,00112ff8,001130c0,00208380,0011d7a0,00208388,-,-,0011d730,00114470,001216a8,00208380,0011d778,00208388,-,-,0011d708,00121300,00121398,00208380,0011d728,00208388,-,-,0011d420,001132a8,00113a18,00208380,0011d700,00208388,-,-,0011d3f0,00114120,00114258,00208380,0011d418,00208388,-,-,0011d3c8,00208378,00121240,00208380,0011d3e8,00208388,-,-,0011d3a0,00208378,001211e0,00208380,0011d3c0,00208388,-,-,0011d378,00208378,00121168,00208380,0011d398,00208388,-,-,0011d350,00112b60,00112d20,00208380,0011d370,00208388,-,-,0011d320,00121018,001210a8,00208380,0011d348,00208388,-,-,0011d2f0,00112778,00112990,00208380,0011d318,00208388,-,-,0011d2a0,00112a80,00120f98,00208380,0011d2e8,00208388,-,-,0011d268,0011d290,00120f68,00208380,0011d298,00208388,-,-,0011d240,00112548,00120e98,00208380,0011d260,00208388,-,-,0011d210,00112270,00112440,00208380,0011d238,00208388,-,-,0011d1e8,00208378,00120e88,00208380,0011d208,00208388,-,-,0011d1c0,00120dc0,00120e50,00208380,0011d1e0,00208388,-,-,0011d198,00120cf8,00120d88,00208380,0011d1b8,00208388,-,-,0011d170,00208378,00120cd0,00208380,0011d190,00208388,-,-,0011d148,00208378,00120ca8,00208380,0011d168,00208388,-,-,0011d120,00208378,00120c80,00208380,0011d140,00208388,-,-,0011d0f8,00120bc8,00120c58,00208380,0011d118,00208388,-,-,0011d098,001209f8,00120ad0,00208380,0011d0f0,00208388,-,-,0011d070,00208378,001209d0,00208380,0011d090,00208388,-,-,0011d048,00120918,001209a8,00208380,0011d068,00208388,-,-,0011cff0,00120768,00120840,00208380,0011d040,00208388,-,-,0011cfc8,00120698,00120728,00208380,0011cfe8,00208388,-,-,0011cfa0,001205c8,00120658,00208380,0011cfc0,00208388,-,-,0011cf50,00120440,00120500,00208380,0011cf98,00208388,-,-,0011cef8,00120268,00120328,00208380,0011cf48,00208388,-,-,0011cec8,00112190,001201f8,00208380,0011cef0,00208388,-,-,0011cea0,00208378,001201d0,00208380,0011cec0,00208388,-,-,0011cc58,00114ca8,00115288,00208380,0011ce98,00208388,-,-,0011cc28,00115920,00115a90,00208380,0011cc50,00208388,-,-,0011cc00,00114710,00114840,00208380,0011cc20,00208388,-,-,0011cbd0,00208378,0011fc48,00208380,0011cbf8,00208388,-,-,0011cba8,00122ce8,0011b7a0,00208380,0011cbc8,00208388,-,-,0011cb78,0011b558,0011b670,00208380,0011cba0,00208388,-,-,0011cb50,0011b208,00122ba0,00208380,0011cb70,00208388,-,-,0011cb18,0011cb40,00122b78,00208380,0011cb48,00208388,-,-,0011cae0,0011cb08,00122c78,00208380,0011cb10,00208388,-,-,0011cab0,0011b2d0,0011b3d0,00208380,0011cad8,00208388,-,-,0011ca78,0011caa0,00122b50,00208380,0011caa8,00208388,-,-,0011ca40,0011ca68,00122ad8,00208380,0011ca70,00208388,-,-,0011ca10,001229d0,00122a68,00208380,0011ca38,00208388,-,-,0011c9e0,001228d8,00122968,00208380,0011ca08,00208388,-,-,0011c9a8,0011c9d0,0011a898,00208380,0011c9d8,00208388,-,-,0011c970,0011c998,001225e0,00208380,0011c9a0,00208388,-,-,0011c938,0011c960,00122580,00208380,0011c968,00208388,-,-,0011c910,001227c0,00122850,00208380,0011c930,00208388,-,-,0011c8e0,0011adb8,0011aec0,00208380,0011c908,00208388,-,-,0011c8b8,00208378,00122788,00208380,0011c8d8,00208388,-,-,0011c890,001226c8,0011acb8,00208380,0011c8b0,00208388,-,-,0011c860,00122618,0011aad8,00208380,0011c888,00208388,-,-,0011c830,0011a298,0011a628,00208380,0011c858,00208388,-,-,0011c800,00122dc8,00122e58,00208380,0011c828,00208388,-,-,0011c7d8,0011b880,0011bb80,00208380,0011c7f8,00208388,-,-,0011c778,00122430,0011c7a0,001224c0,0011c7d0,00208388,-,-,0011c718,00208378,0011c740,00122428,0011c770,00208388,-,-,0011c6c0
002efe98	47	InitSystemCallTableAddress	00208378,0011c6e0,0011a1e0,0011c710,00208388,-,-,0011c660,00122398,0011c688,0011a0f8,0011c6b8,00208388,-,-,0011c608,00208378,0011c628,001222e0,0011c658,00208388,-,-,0011c5e0,001222d0,001222d8,00208380,0011c600,00208388,-,-,0011c5b8,001222c0,001222c8,00208380,0011c5d8,00208388,-,-,0011c590,0010ebd8,0010edd0,00208380,0011c5b0,00208388,-,-
002f0040	4	00198628,00198730,001d5db8,00217d40,0021f438	0011fa18,-,-,0011c4b0
002f0070	2	Command_RotWarp_Run	00208380,0011c510
002f00a0	2	00121eb8,001ad760	0011c450,0011fac8
002f00b0	8	0024e7c0	0017ca20,00208380,0011c4a8,00208388,0010e088,-,-,0011c428
002f00f0	3	Command_SetPlayerInput_Run	0010d648,0011f5e8,00208380
002f0108	5	001160e0	0011c448,00208388,-,-,0011c400
002f0130	12	001903e0	0010cad8,0011f2b8,00208380,0011c420,00208388,-,-,0011c3b0,0011f150,0011f1e0,00208380,0011c3f8
002f01a8	12	001160e0,00212988	0011c2f0,0011f098,0010c880,00208380,0011c3a8,00208388,0011efb8,-,-,0011c250,0011f098,0011f128
002f0208	3	001ab090	00208380,0011c2e8,00208388
002f0220	4	001ad8e8	0010c758,-,-,0011c220
002f0270	4	00116cb8,0021ce60	0017ca20,0017ca20,-,-
002f0330	6	00116a78,00122fa0,00123008,00123068	00123000,-,-,00122fa0,-,-
002f0360	14	00116cb8	00122f70,0017ca20,0011e1d8,-,-,00122f40,0017ca20,0017ca20,0017ca20,-,-,00122ef0,00122f20,00122f28
002f03d0	5	00116a78,00116cb8	00122f30,00122f38,-,-,00122ec0
002f0500	10	Condition_LostAllAttachments_Check	0012d468,0011e1d8,-,-,0012d230,0012d438,0011e1d8,-,-,0012d200
002f0550	64	001656a8,00165868,00210468	0012d408,0011e1d8,-,-,0012d1d0,0012d3e0,0011e1d8,-,-,0012d1a0,0012d3b0,0011e1d8,-,-,0012d170,0012d380,0011e1d8,-,-,0012d140,0012d350,0011e1d8,-,-,0012d110,0012d320,0011e1d8,-,-,0012d0e0,0012d2f0,0011e1d8,-,-,0012cd88,0012d0b8,0011e1d8,-,-,0012cd58,0012d020,0011e1d8,-,-,0012cd28,0012cfb0,0011e1d8,-,-,0012ccf8,0012cf40,0011e1d8,-,-,0012ccc8,0012ced0,0011e1d8,-,-,0012cc98,0012ce60,0011e1d8,-,-
002f0750	42	00121398	0012cc68,0012ce28,0011e1d8,-,-,0012cc38,0012ce08,0011e1d8,-,-,0012cc08,0012cdb8,0011e1d8,-,-,0012caa8,0012cbc0,0011e1d8,-,-,0012ca78,0012cb78,0011e1d8,-,-,0012ca48,0012cb58,0011e1d8,-,-,0012ca18,0012cb18,0011e1d8,-,-,0012c9e8,0012cad8,0011e1d8,-,-,0012c098,0012c938
002f08a0	54	00116cb8	0011e1d8,-,-,0012c068,00128b70,0011e1d8,-,-,0012c038,0012c8f0,0011e1d8,-,-,0012c008,0012c8c0,0011e1d8,-,-,0012bfd8,0012c890,0011e1d8,-,-,0012bfa8,0012c808,0011e1d8,-,-,0012bf78,001289a8,0011e1d8,-,-,0012bf48,0012c788,0011e1d8,-,-,0012bf18,00128890,0011e1d8,-,-,0012bee8,0012c738,0011e1d8,-,-,0012beb8,0012c6f8,0011e1d8,-,-,0012be88
002f0a50	4	001171d8	0012c6a0,0011e1d8,-,-
002f0a70	6	00117858	0012be58,0012c648,0011e1d8,-,-,0012be28
002f0aa0	46	00117858	0012c598,0011e1d8,-,-,0012bdf8,0012c588,0011e1d8,-,-,0012bdc8,0012c5f0,0011e1d8,-,-,0012bd98,0012c578,0011e1d8,-,-,0012bd68,0012c568,0011e1d8,-,-,0012bd38,0012c528,0011e1d8,-,-,0012bd08,0012c4e8,0011e1d8,-,-,0012bcd8,0012c490,0011e1d8,-,-,0012bca8,0012c438,0011e1d8,-,-,0012bc78,0012c400
002f0c10	40	001236c0	0011e1d8,-,-,0012bc48,0012c3c0,0011e1d8,-,-,0012bc18,0012c338,0011e1d8,-,-,0012bbe8,0012c300,0011e1d8,-,-,0012bbb8,0012c2b0,0011e1d8,-,-,0012bb88,0012c268,0011e1d8,-,-,0012bb58,0012c238,0011e1d8,-,-,0012bb28,0012c208,0011e1d8,-,-,0012baf8,0012c1d8
002f0d50	128	00210468	0011e1d8,-,-,0012bac8,0012c1a8,0011e1d8,-,-,0012ba98,0012c178,0011e1d8,-,-,0012ba68,0012c168,0011e1d8,-,-,0012ba38,0012c140,0011e1d8,-,-,0012ba08,0012c950,0011e1d8,-,-,0012b9d8,0012c0f8,0011e1d8,-,-,0012b9a8,00128780,0011e1d8,-,-,0012b978,00128568,0011e1d8,-,-,0012b948,00128430,0011e1d8,-,-,0012b918,0012c0c8,0011e1d8,-,-,0012b870,0012b8a0,0011e1d8,-,-,0012b840,00128298,0011e1d8,-,-,0012b810,00128100,0011e1d8,-,-,0012b7e0,00127f68,0011e1d8,-,-,0012b7b0,00127dd0,0011e1d8,-,-,0012b780,00127ca0,0011e1d8,-,-,0012b750,00127a80,0011e1d8,-,-,0012b720,00127900,0011e1d8,-,-,0012b6f0,00126d48,0011e1d8,-,-,0012b6c0,001268f8,0011e1d8,-,-,0012b690,00126678,0011e1d8,-,-,0012b660,00126460,0011e1d8,-,-,0012b630,00127610,0011e1d8,-,-,0012b600,00127410,0011e1d8,-,-,0012b5d0,00127288,0011e1d8,-,-
002f1150	460	00210468	0012b5a0,00127170,0011e1d8,-,-,0012b570,00126228,0011e1d8,-,-,0012b540,00125fe8,0011e1d8,-,-,0012b510,00125e78,0011e1d8,-,-,0012b4e0,00125ca8,0011e1d8,-,-,0012b4b0,00125ad8,0011e1d8,-,-,0012b480,001257a0,0011e1d8,-,-,0012b450,00125908,0011e1d8,-,-,0012ad78,0012b3f8,0011e1d8,-,-,0012ad48,0012b2a0,0011e1d8,-,-,0012ad18,0012b398,0011e1d8,-,-,0012ace8,0012b338,0011e1d8,-,-,0012acb8,0012b2d8,0011e1d8,-,-,0012ac88,0012b250,0011e1d8,-,-,0012ac58,0012b200,0011e1d8,-,-,0012ac28,0012b1b0,0011e1d8,-,-,0012abf8,0012b160,0011e1d8,-,-,0012abc8,0012b100,0011e1d8,-,-,0012ab98,0012b0a0,0011e1d8,-,-,0012ab68,0012b040,0011e1d8,-,-,0012ab38,0012afe0,0011e1d8,-,-,0012ab08,0012af90,0011e1d8,-,-,0012aad8,0012af40,0011e1d8,-,-,0012aaa8,0012aef0,0011e1d8,-,-,0012aa78,0012aea0,0011e1d8,-,-,0012aa48,0012ae50,0011e1d8,-,-,0012aa18,0012ada8,0011e1d8,-,-,0012a9e8,0012adf8,0011e1d8,-,-,0012a890,0012a9a0,0011e1d8,-,-,0012a860,0012a968,0011e1d8,-,-,0012a830,0012a940,0011e1d8,-,-,0012a800,0012a908,0011e1d8,-,-,0012a7d0,0012a8e8,0011e1d8,-,-,0012a7a0,0012a8c0,0011e1d8,-,-,0012a700,0012a730,0011e1d8,-,-,0012a678,0012a6a8,0011e1d8,-,-,0012a100,0012a638,0011e1d8,-,-,0012a0d0,0012a5d8,0011e1d8,-,-,0012a0a0,0012a578,0011e1d8,-,-,0012a070,0012a400,0011e1d8,-,-,0012a040,0012a388,0011e1d8,-,-,0012a010,0012a2f0,0011e1d8,-,-,00129fe0,0012a480,0011e1d8,-,-,00129fb0,0012a258,0011e1d8,-,-,00129f80,0012a200,0011e1d8,-,-,00129f50,0012a518,0011e1d8,-,-,00129f20,0012a1a8,0011e1d8,-,-,00129ef0,0012a180,0011e1d8,-,-,00129ec0,0012a130,0011e1d8,-,-,00129ce8,00129e00,00129d08,00129e90,00129d38,00208388,-,-,00129c90,00129d40,00129cb0,00129dd0,00129ce0,00208388,-,-,00129b30,00129b58,00125440,00208380,00129b60,00208388,-,-,00129b08,00124f88,00125050,00208380,00129b28,00208388,-,-,00129a78,00124e58,00129ac8,00208380,00129ac0,00208388,-,-,001296e0,00208378,001299d8,00208380,00129700,00208388,-,-,001296b8,00208378,00129938,00208380,001296d8,00208388,-,-,00129690,001297c0,00129850,00208380,001296b0,00208388,-,-,00129668,00124c98,00124d50,00208380,00129688,00208388,-,-,00129608,00124990,00124ad8,00208380,00129660,00208388,-,-,001295d0,001295f8,001248c0,00208380,00129600,00208388,-,-,001295a0,00129710,00124758,00208380,001295c8,00208388,-,-,00129578,001245d8,00129708,00208380,00129598,00208388,-,-,00129518,00123be8,00129548,00123f08,00129540,00208388,-,-,00129380,00123a68,001293d0,00129400,001293c8,00208388,-,-,00129298,001236c0,00129350,00123908,001292b8,00208388,-,-,00128f88,00208378,00129240,00208380,00128fa8,00208388,-,-,00128f58,00129110,001291c0,00208380,00128f80,00208388,-,-,00128f30,00208378,00129060,00208380,00128f50,00208388,-,-,00128f08,00208378,00128fb0,00208380,00128f28,00208388,-,-,00128ea8,001234e0,001235d8,00208380,00128ed0,00208388,-,-,00128e58,00128ed8,00128f00,00208380,00128ea0,00208388,-,-,00128e30,00208378,001231d0,00208380,00128e50,00208388,-,-,00128e08,00208378,001230e8,00208380,00128e28,00208388,-,-,0011f068,0017ca20,0017ca20,0017ca20,0017ca20,-,-,00122f70,0017ca20,0011e1d8,-,-,00123068,00123000,-,-,00123008,00123000,-,-,00122fa0,-,-
002f2150	334	00210468	0013e8b8,0013e8c0,00262380,00262388,0013f120,0013f128,002623a0,0013f138,002623a8,002623b0,00263630,002623b8,002623c0,002623c8,002623d0,001413d8,0013e010,00141588,0013f130,-,-,0013f060,0013f088,-,-,0013efb0,0013efc0,0013efd0,0013efe0,0013eff0,0013f000,0013f010,0013f038,0013f040,0013f048,0013f050,0013f058,-,-,00141998,0013ef10,0013e8b0,0013e8b8,0013e8c0,00262380,00262388,0013ef98,001419f0,002623a0,0013efa8,002623a8,002623b0,00263630,002623b8,002623c0,002623c8,002623d0,001413d8,0013e010,00141588,0013efa0,-,-,00141b08,00141b38,-,-,0013ee88,0013ee98,0013eea8,0013eeb8,0013eec8,0013eed8,00141a88,0013eee8,0013eef0,0013eef8,0013ef00,0013ef08,-,-,00141908,00141938,-,-,0013edd8,0013ede8,0013edf8,0013ee08,0013ee18,0013ee28,00141888,0013ee38,0013ee40,0013ee48,0013ee50,0013ee58,-,-,0013dc68,0013ed40,0013e8b0,0013e8b8,0013e8c0,00262380,001410c0,0013edc8,00141480,002623a0,0013edd0,002623a8,002623b0,00263630,002623b8,002623c0,002623c8,002623d0,001413d8,001410a0,00141588,00141098,-,-,001411c0,001411e8,-,-,0013ecb8,0013ecc8,0013ecd8,0013ece8,0013ecf8,0013ed08,00141158,0013ed18,0013ed20,0013ed28,0013ed30,0013ed38,-,-,00140e20,00140eb0,0013e8b0,0013e8b8,0013e8c0,00262380,00262388,00262390,00141480,002623a0,0013ecb0,002623a8,002623b0,00263630,002623b8,002623c0,002623c8,002623d0,001413d8,0013e010,00141588,00140f30,-,-,00141018,00141040,-,-,0013ec28,0013ec38,0013ec48,0013ec58,0013ec68,0013ec78,00140fb0,0013ec88,0013ec90,0013ec98,0013eca0,0013eca8,-,-,00140490,0013eb88,0013ec10,00140648,001406b8,00262380,0013d190,0013ec18,001406e0,002623a0,0013ec20,002623a8,002623b0,00263630,002623b8,002623c0,002623c8,002623d0,001413d8,0013e010,00140700,0013d058,-,-,001407e0,00140808,-,-,0013eae0,0013eaf0,0013eb00,0013eb10,0013eb20,0013eb30,00140778,0013eb40,0013eb48,0013eb50,0013eb58,0013eb60,-,-,0013de20,0013ea50,0013e8b0,0013e8b8,0013e8c0,00262380,00262388,00262390,00141480,002623a0,0013ead8,002623a8,002623b0,00263630,002623b8,002623c0,002623c8,002623d0,001413d8,0013e010,00141588,00140370,-,-,00140458,00140480,-,-,0013e9b0,0013e9c0,0013e9d0,0013e9e0,0013e9f0,0013ea00,001403f0,0013ea10,0013ea18,0013ea20,0013ea28,0013ea30,-,-,0013f180,0012d520,0012dc60,00262400,0012dd80,0013f1b8,00262728,0012dee0,0013f250,-,-,00131ac8,0013f920,0013e8b0,0013e8b8,0013e8c0,00262380,00140b90,001377c8,00137510,0013be10,0013e998,0013e938,0013fa50,0013fd98,0013c088,0013c1a8,0013fad8,001378f8,00132018,00140ac0,0013fb60,00137ab0,001329c0,0013f650,00132b50,-,-,0013d5f8,0013e8d8,0013e8b0,0013e8b8,0013e8c0,00262380,00140b90,0013e8f8,00140ae0,00140ca0,0013e908,002623a8,002623b0,00263630,002623b8,002623c0,002623c8,002623d0,001413d8,00140ac0,00141588,001409e0,00140908,001409b0,001409c8,-,-,0013de20,00141350
002f2bc0	2	0013eaf0,0013edc8,0013efc0	0013e8b0,0013e8b8
002f2bd8	2	0013eb00	00262380,00262388
002f2bf8	2	0013edc8,0013f000	002623a0,0017ca20
002f2c08	67	0013eb30	002623a8,002623b0,00263630,002623b8,002623c0,002623c8,002623d0,001413d8,0013e010,00141588,0017ca20,-,-,001400b8,001401a0,-,-,00140dc8,00140df0,-,-,00141688,001417a8,-,-,0013e5c0,0013e5d0,0013e5e0,0013e5f0,0013e600,0013e610,00140048,0013e620,0013e628,0013e630,0013e638,0013e640,-,-,0013e538,0013e548,0013e558,0013e568,0013e578,0013e588,00140d60,0013e598,0013e5a0,0013e5a8,0013e5b0,0013e5b8,-,-,0013e468,0013e498,0013e4a0,0013e4b8,0013e4d0,-,-,0013e438,0017ca20,0017ca20,0017ca20,0017ca20,-,-
002f3430	74	00161198	00155220,001612d8,001600d8,0015dee0,00161420,00154f60,00161130,00160198,0015dee8,00161138,00161368,0015def8,00161170,00161178,001601e8,00160210,-,-,001607f0,001609e0,00160768,00160af8,0015dee0,00160a58,001608d8,00160690,001606d0,0015dee8,00160698,001606e0,00160b78,0015df00,001606e8,001601e8,00160210,-,-,0015f1f8,0015f370,0015f3f0,0014b7d0,-,-,0015eb68,0015ebd8,0015ecc0,001480b8,-,-,00162148,00162210,00162270,001622d0,-,-,00161dc8,00161e10,00161f50,0015d930,-,-,0014dc18,0015f9a8,0015fa90,0014c748,-,-,00122f40,0017ca20,0017ca20,0017ca20,-,-,00152ad8
002f3680	81	00160e00	00152f68,00160e00,001600d8,0015dee0,00160ef0,00152d58,0015e020,00160198,0015dee8,0015e028,00160eb0,001610a0,0015e060,0015df08,001610d0,00160210,-,-,00158b88,00159a28,00161648,00161518,0015dee0,001616f8,00159730,0015dfb0,0015dff0,0015dee8,0015dfb8,0015e000,001617e8,0015df00,0015e018,001601e8,00160210,-,-,0015e090,0026f330,0026f3f0,0026f778,00141ed8,00142260,0015e120,0015e148,0015e190,00142360,0015e268,-,-,0015df20,0026f330,0026f3f0,0026f778,0017ca20,0017ca20,0017ca20,0017ca20,0017ca20,0017ca20,0015df70,-,-,0014ef00,0017ca20,0015ff08,001600d8,0015dee0,0015ff78,0015ffe8,0017ca20,00160198,0015dee8,0017ca20,0015def0,0015def8,0015df00,0015df08,001601e8,00160210,-
002f4038	10	001638c0	0025c4e8,0025c590,002576a8,0025bc30,0025c850,0025bc70,0025bc88,0025bca0,0025bcb8,0025bcd0
002f4088	64	00163ee8	0025bce8,-,-,0025aa30,0025aa38,0025aa40,00166220,00163640,0025aa70,0025c268,0025aa78,-,-,00166210,0025aa38,00166218,001661e8,0025aa68,0025aa70,0025c268,0025aa78,-,-,001661c0,0025aa38,0025aa40,001661a0,0025aa68,0025aa70,0025c268,0025aa78,-,-,001636d0,00165f90,0025c4e8,0025c590,0025c4f0,0025c9f8,0025ca00,0025ca10,0025ca18,0025ca28,0025ca30,0025ca48,0025ca50,-,-,0025aa30,00165fb0,0025aa40,00165f30,0025aa68,0025aa70,0025c268,0025aa78,-,-,00166130,0025aa38,0025aa40,00165f10,0025aa68,0025aa70
002f4288	31	00164840	0025c268,0025aa78,-,-,001660c0,0025aa38,0025aa40,00165ef0,0025aa68,0025aa70,0025c268,0025aa78,-,-,00165408,001653c8,0025c4e8,0025c590,0025c4f0,0025c9f8,0025ca00,0025ca10,0025ca18,0025ca28,0025ca30,0025ca48,0025ca50,-,-,00165228,0025aa38
002f4380	132	0015ee48	0025aa40,00165198,0025aa68,0025aa70,0025c268,0025aa78,-,-,00165d30,0025aa38,0025aa40,00165178,0025aa68,0025aa70,0025c268,0025aa78,-,-,00165b60,0025aa38,0025aa40,00165158,0025aa68,0025aa70,0025c268,0025aa78,-,-,00165998,0025aa38,0025aa40,00165138,0025aa68,0025aa70,0025c268,0025aa78,-,-,001657d8,0025aa38,0025aa40,00165118,0025aa68,0025aa70,0025c268,0025aa78,-,-,00165618,0025aa38,0025aa40,001650f8,0025aa68,0025aa70,0025c268,0025aa78,-,-,00165468,0025aa38,0025aa40,001650d8,0025aa68,0025aa70,0025c268,0025aa78,-,-,00165330,001650b8,0025c4e8,0025c590,0025c4f0,0025c9f8,0025ca00,0025ca10,0025ca18,0025ca28,0025ca30,0025ca48,0025ca50,-,-,0025aa30,0025aa38,0025aa40,00166a28,0025aa68,0025aa70,0025c268,0025aa78,-,-,00164fb0,00165008,00165010,-,-,00164e60,00164e88,00162ed8,-,-,00164d78,00164da0,00162358,-,-,00164f58,0017ca20,0017ca20,-,-,0025aa30,0025aa38,0025aa40,00167120,0025aa68,0025aa70,0025c268,0025aa78,-,-,0025aa30,0025aa38,0025aa40,00167100,0025aa68,0025aa70,0025c268,0025aa78,-
002f5280	145	0017a2c0	00179cb0,00179d20,-,-,001720d8,0017a9c0,0017aa30,0017ab60,0017ca20,0019a330,0017aa78,0017aac8,0019a348,00179a08,-,-,0017a400,00268a78,0017a580,-,-,0017c3b0,00178588,0017c3d8,00242ff8,-,-,0016f318,00179f80,0025a5b0,0025a610,0017a1d8,0025a6f0,-,-,001795d8,00179e40,00179358,-,-,0025ad38,0025ad68,0025ad98,0025adc8,0025adf8,0025ae28,0025aed8,0025af08,001795b8,0025a830,0025a858,002559e0,0025a8c8,00167530,-,-,0025ad38,0025ad68,0025ad98,0025adc8,0025adf8,0025ae28,0025aed8,0025af08,00179598,0025a830,0025a858,002559e0,0025a8c8,00167270,-,-,00192588,00179568,001925a8,0019a328,0017ca20,0019a330,0019a338,001925c0,0019a348,00179590,-,-,00179538,0017c490,0017c4e8,0017c4f0,0017c500,0017c5c8,0017c5f8,0017c630,-,-,001794f8,0017ca20,0017ca20,0017ca20,0017ca20,0017ca20,00179528,00179530,-,-,00179320,00179410,00179468,00178ef0,00178ef8,-,-,001792e8,00179368,001793d0,00178ef0,00178ef8,-,-,001791b0,00179280,001791e8,00178ef0,00178ef8,-,-,00179018,00179080,00178ee8,00179190,00179128,-,-,00178f20,00178f50,00178fc0,00178ef0,00178ef8,-,-,00178eb8,0017ca20,00178ee8,00178ef0,00178ef8,-
002f5d50	2	00191bb8	001919d0,0017ca20
002f5d60	7	00191bb8	0017ca20,0017ca20,-,-,001916f0,00191720,00191728
002f5d98	4	00190b90	00191768,00191758,00191c58,00191c68
002f5db8	6	00191130	00191c80,00191c98,-,-,001916c0,0017ca20
002f5de8	2	00191130	0017ca20,0017ca20
002f5df8	4	00191130	0017ca20,-,-,00191628
002f5e18	4	00191580	00191658,00191660,001916a0,00191690
002f5e38	2	001919d0	00191cb0,00191cc0
002f5e48	6	00191828	00191cd8,00191cf0,-,-,001915f8,0017ca20
002f5e78	10	001919d0	0017ca20,0017ca20,0017ca20,-,-,001913e0,00191410,00191418,00191458,00191448
002f5ec8	15	00191900	00191d08,00191d18,00191d30,00191d48,-,-,001913b0,0017ca20,0017ca20,0017ca20,0017ca20,-,-,0018f7d8,-
002f6180	4	CreateContextRef	00197720,00197780,00197798,001977b0
002f61a0	18	001978b0	00197898,-,-,00192588,00192558,001925a8,0019a328,0017ca20,0019a330,0019a338,001925c0,0019a348,0017ca20,-,-,00122ec0,0017ca20,-
002f64d0	2	0019f958	001a2b00,001a2b10
002f64e0	2	0019f958	001a2b18,001a2b28
002f64f0	2	0019f958	001a2c58,00179528
002f6500	4	0019f958	00179530,-,-,001a1fc8
002f6520	2	0019f958	001a2c78,001a2c88
002f6530	2	0019f958	001a2c90,001a2ca0
002f6540	2	0019f958	001a2dd0,00179528
002f6550	4	0019f958	00179530,-,-,001a1ef8
002f6570	2	0019f958	001a2df0,001a2e00
002f6580	72	0019f958	001a2e08,001a2e18,001a2f48,00179528,00179530,-,-,001a1e28,001a2f68,001a2f78,001a2f80,001a2f90,001a30c0,00179528,00179530,-,-,001a1d58,001a30e0,001a30f0,001a30f8,001a3108,001a3238,00179528,00179530,-,-,001a1c88,001a3258,001a3268,001a3270,001a3280,001a33b0,00179528,00179530,-,-,001a1bb8,001a33d0,001a33e0,001a33e8,001a33f8,001a3528,00179528,00179530,-,-,001a1ae8,001a3548,001a3558,001a3560,001a3570,001a36a0,00179528,00179530,-,-,001a0978,001a1ac0,00179358,-,-,001794f8,0017ca20,0017ca20,0017ca20,0017ca20,0017ca20,00179528,00179530,-,-
002f67d8	51	GetTextureItemSectionReader	0019a328,001a0280,0019a330,001a1910,0019e5d0,0019a348,001a0288,-,-,001a0598,001a05c0,0019d250,001a05c8,001a00e0,001a00e8,0019d3f0,0019d578,001a0608,001a0638,001a1270,001a06d0,001a04e8,001a0540,001a06a0,001a06a8,001a06b0,001a03f0,001a06b8,001a06c0,001a06c8,-,-,0019d088,0017ca20,0019d250,0017ca20,0017ca20,0017ca20,0019d3f0,0019d578,0019d6e0,001a00d0,001a1270,0019d840,0017ca20,001a00d8,0017ca20,0017ca20,0017ca20,-,-
002f6bf0	31	001aa400	001acc50,0017ca20,0017ca20,0017ca20,0017ca20,-,-,001ac968,001ac998,001ac9a0,001ac9e0,001ac9d0,001ad100,001ad110,001ad128,001ad140,-,-,001ac938,0017ca20,0017ca20,0017ca20,0017ca20,-,-,001ac2f0,001ab8f0,001ab938,001ab9a8,001a98b0,001a9a30
002f6ce8	2	001ac850	001a9bd8,001a9df0
002f6cf8	26	001ac850	001a7250,-,-,001ac708,001ab8f0,001ab938,001ab9a8,001a98b0,001a9a30,001a9bd8,001a9df0,001a7250,-,-,001a7a88,001a7c20,001ac268,001a7e40,-,-,001abfa0,001ac000,001ad158,001ac0f8,001ac078,001ad170
002f6dc8	64	Command_BecomeSticky_Run	001ad190,001ad198,-,-,001abfd0,0017ca20,0017ca20,0017ca20,0017ca20,-,-,001abd98,001abdf8,001ad1a8,001abe70,001abe88,001ad1c0,001ad1e0,001ad1e8,-,-,001abdc8,0017ca20,0017ca20,0017ca20,0017ca20,-,-,001a7418,001a7528,001abd20,001a76f0,-,-,001abc58,001ac4e0,001ac5b0,001ab9a8,001a8ce0,001a8f30,001ac640,001a9170,001a7250,-,-,001ab8a0,001ab8f0,001ab938,001ab9a8,0017ca20,0017ca20,0017ca20,0017ca20,001a7250,-,-,001ad200,0017ca20,0017ca20,0017ca20,-,-,001ad2a8,-
002f9688	15	001c02e8,001c3f08,001c3fb0	001c2330,-,-,001c5f70,001c3fb0,001c2220,001bfa28,001bfbd8,001c0480,001c2270,001c2330,-,-,0017c7e0,0017ca20
002f9700	10	001c4af0,001c4b98,001c7328	00179358,-,-,001c7560,001c7328,001c5f80,001c2408,001c25a8,001c4e70,001c5fd0
002f9750	10	001c4990,001c4a38,001c7288	001c6090,-,-,001c7568,001c7288,001c6168,001c2808,001c29a8,001c5cb8,001c61b8
002f97a0	10	001c4830,001c48d8,001c71e8	001c6278,-,-,001c7570,001c71e8,001c6350,001c2c08,001c2da8,001c5918,001c63a0
002f97f0	10	001c46d0,001c4778,001c7148	001c6460,-,-,001c7578,001c7148,001c6538,001c3008,001c31a8,001c56e0,001c6588
002f9840	10	001c4570,001c4618,001c70a8	001c6648,-,-,001c7580,001c70a8,001c6720,001c3408,001c35a8,001c54d8,001c6770
002f9890	10	001c4410,001c44b8,001c7008	001c6830,-,-,001c73d0,001c7008,001c6908,001c53c8,001c3800,001c5040,001c6958
002f98e0	10	001c42b0,001c4358,001c6f68	001c6a18,-,-,001c73c8,001c6f68,001c6af0,001c52b8,001c3a58,001c4c50,001c6b40
002f9930	12	001c4050,001c40f8,001c6ec0	001c6c00,-,-,001c6f60,001c6ec0,001c6cd8,001c41b0,001c3cb0,001c5ab0,001c6d28,001c6de8,-
002fb870	8	RenderDynamicScenery?	001f27e0,0017ca20,0017ca20,0017ca20,0017ca20,-,-,001f12c8
002fb8b0	179	001fdef0	001ec250,001eec40,001eee88,001f0688,001f37c8,001ebbf8,001f1140,001f39a8,001f3890,001ef7e0,001ef880,001f3e00,001f13b8,001ec3a0,001f1358,001ef318,001f0690,001ef5f0,001f10f8,001f3a50,001f11b0,001f1230,001f12b0,001f1408,001f3b18,001f3c20,001f3d30,001ef350,001ebe00,001f3ed8,001f0698,001f06a0,001f06a8,-,-,001f1068,001ec250,001eec40,001eee88,001f0688,001f37c8,001ebbf8,001f1140,001f39a8,001f3890,001ef7e0,001ef880,001f3e00,001ef300,001ef308,001ef310,001ef318,001f0690,001ef5f0,001f10f8,001f3a50,001f11b0,001f1230,001f06b0,001ec068,001f3b18,001f3c20,001f3d30,001ef350,001ebe00,001f3ed8,001f0698,001f06a0,001f06a8,-,-,001f3750,001efb40,001eec40,001eee88,001f0688,001f37c8,001ef2b8,0017ca20,001f39a8,001f3890,001ef7e0,001ef880,001f3e00,001ef300,001ef308,001ef310,001ef318,001f0690,001ef5f0,0017ca20,001f3a50,001e9d60,001e9df8,001ef348,001e9c78,001f3b18,001f3c20,001f3d30,001ef350,0017ca20,001f3ed8,001f0670,001f0678,001f0680,-,-,001ef0c0,001edf40,00179358,-,-,001effb8,001efb40,001ef920,001ef730,001efdd0,001ef6d8,001ef2b8,001eff18,001ef2c0,001ef2e0,001efdd8,001efe78,001efae8,001ef300,001ef308,001ef310,001ef318,001ef328,001ef5f0,001f0030,001ef338,001e9d60,001e9df8,001efdc8,001e9c78,001ef9d8,001f0058,001efae0,001ef350,001eff20,001ef358,-,-,001ef660,001efb40,001ef920,001ef730,0017ca20,001ef6d8,001ef2b8,0017ca20,001ef2c0,001ef2e0,001ef7e0,001ef880,001efae8,001ef300,001ef308,001ef310,001ef318,001ef328,001ef5f0,0017ca20,001ef338,001e9d60,001e9df8,001ef348,001e9c78,001ef9d8,001efa08,001efae0,001ef350,0017ca20,001ef358,-,-,001ef280
002fbe48	13	001ec470	001efc50,00179358,-,-,001ef250,001efc18,00179358,-,-,001ef220,001efbe8,00179358,-
002fc228	5	001f6460	001f5838,001f5848,001f5860,-,-
002fc448	16	001f6548	002019a8,0019a328,002017a8,0019a330,0019a338,002019d8,0019a348,002017b0,-,-,00201268,001fdde0,-,-,001ff448,001ff478
002fc4c8	8	001f66d8	00201b28,001ff498,001ff488,00201b38,00201b48,00201b58,-,-
002fc508	8	001f67b8,001ff448	001ff418,0017ca20,0017ca20,0017ca20,0017ca20,-,-,001ffae8
002fc548	56	001f67b8	001ff3c8,002011b8,001ffb18,001ffbd0,001ffcb8,001ffcc0,001ffcc8,001ffcd0,001f8488,001ffcd8,001f85d0,001f8a90,001ff3c0,00201228,001ff230,-,-,00200180,001ff360,002011b8,002001b0,00200220,001fa9d0,001fabc8,002004b0,002002b8,001fa770,002002c0,00200340,001fa888,001ff358,00201228,001ff230,-,-,001ff248,001ff2f8,001ff4c0,001f6c00,001ff288,001ff610,001ff638,001ff668,001ff5b8,001f6da0,001ff998,001ff9a0,001ff2e0,001ff2e8,001ff908,001ff230,001ff4d8,001ff6a8,001ff6b0,-,-
002fc708	21	001e9f48	001ff1e8,001ff218,002011b8,0017ca20,0017ca20,0017ca20,0017ca20,0017ca20,0017ca20,0017ca20,0017ca20,0017ca20,0017ca20,0017ca20,00201228,001ff230,-,-,00122ec0,0017ca20,-
002fc890	17	00204268	00204238,0017ca20,0017ca20,0017ca20,0017ca20,-,-,002041b0,002041e0,002041f0,00204210,00204200,00205f30,00205f40,00205f50,-,-
002fc918	14	002041b0	00204180,0017ca20,0017ca20,0017ca20,0017ca20,-,-,00203f28,00203fb0,0017ca20,00204020,0017ca20,00204090,-
002fd258	25	001ed918,001f20d0,001f2188	0020ed38,-,-,0020ec68,0020a1c0,-,-,00123008,00123000,-,-,00122fa0,-,-,0020ec30,00209ef8,-,-,00123068,00123000,-,-,00122ec0,0017ca20,-
002fd8e0	2	Command_SetWobble_Read	00225840,00208378
002fd8f0	8	Command_SetWobble_Read	00220348,00208380,00225860,00208388,-,-,00225810,00220410
002fd930	7	Command_SetWobble_Read	002204d8,00208380,00225838,00208388,-,-,002254f8
002fd970	3	Command_SetWobble_Read	0021f830,00208380,00225808
002fd988	189	Command_SetWobble_Read	00208388,-,-,00225000,002253a0,00225478,00208380,00225020,00208388,-,-,00224fc8,00224ff0,002252f0,00208380,00224ff8,00208388,-,-,00224f90,00224fb8,002252c8,00208380,00224fc0,00208388,-,-,00224f68,0021f340,00225338,00208380,00224f88,00208388,-,-,00224f30,00224f58,002252a0,00208380,00224f60,00208388,-,-,00224ed8,0021f268,00225220,00208380,00224f28,00208388,-,-,00224ea8,0021f090,002251c8,00208380,00224ed0,00208388,-,-,00224e80,0021efc8,002251a0,00208380,00224ea0,00208388,-,-,00224e58,002250f0,00225180,00208380,00224e78,00208388,-,-,00224dd8,0021ec10,00224e20,0021ee00,00224e50,00208388,-,-,00224d88,0021e0f8,00225028,0021e4e8,00224dd0,00208388,-,-,00224978,00224c80,00224d58,00224d10,00224998,00208388,-,-,00224950,00224b78,00224c50,00224c08,00224970,00208388,-,-,002248d0,0021de40,00224b48,0021dfc0,00224948,00208388,-,-,00224858,0021db88,00224b18,0021dcf8,002248c8,00208388,-,-,002247d8,0021d8b0,00224ae8,0021da40,00224850,00208388,-,-,00224770,0021d7c0,00224ab8,002249a0,002247d0,00208388,-,-,00224178,00208378,00224718,00208380,00224198,00208388,-,-,00224150,00208378,002246c8,00208380,00224170,00208388,-,-,00224128,0021d6e8,00224698,00208380,00224148,00208388,-,-,00224100,0021d610,00224668,00208380,00224120,00208388,-,-,002240d8,00224588,00224618,00208380,002240f8,00208388,-,-,002240b0,002244b0,00224540,00208380,002240d0,00208388,-,-,00224080,0021d3d8
002fdf70	256	Command_SetWobble_Read	0021d4d0,00208380,002240a8,00208388,-,-,00224050,0021d2e0,00224478,00208380,00224078,00208388,-,-,00224020,0021d1e8,00224440,00208380,00224048,00208388,-,-,00223ff8,00208378,00224420,00208380,00224018,00208388,-,-,00223fd0,0021cf90,0021d0c0,00208380,00223ff0,00208388,-,-,00223fa8,00208378,00224400,00208380,00223fc8,00208388,-,-,00223f80,00208378,002243d0,00208380,00223fa0,00208388,-,-,00223f58,00208378,002243a0,00208380,00223f78,00208388,-,-,00223f30,00208378,00224390,00208380,00223f50,00208388,-,-,00223f08,00208378,00224380,00208380,00223f28,00208388,-,-,00223ee0,00208378,00224360,00208380,00223f00,00208388,-,-,00223e78,0021ce60,00224288,00208380,00223ed8,00208388,-,-,00223e10,0021cbd0,0021cd00,00208380,00223e70,00208388,-,-,00223da8,0021c980,0021cab0,00208380,00223e08,00208388,-,-,00223d58,0021bf48,00224258,00208380,00223da0,00208388,-,-,00223d30,00208378,00224200,00224230,00223d50,00208388,-,-,00223ce0,0021b5e8,002241a0,002241d0,00223d28,00208388,-,-,002238e0,0021b408,00223ca8,00223cd8,00223908,00208388,-,-,002238b8,0021a4a0,00223910,0021aa00,002238d8,00208388,-,-,002236f8,00223800,002238a0,00208380,00223718,00208388,-,-,002236d0,00208378,0021a378,00208380,002236f0,00208388,-,-,002236a8,00208378,002237d0,00208380,002236c8,00208388,-,-,00223680,00208378,002237b0,00208380,002236a0,00208388,-,-,00223658,00208378,00223790,00208380,00223678,00208388,-,-,00223630,00208378,00223770,00208380,00223650,00208388,-,-,00223608,00208378,00223750,00208380,00223628,00208388,-,-,002235e0,00208378,00223720,00208380,00223600,00208388,-,-,002235b0,00219ea8,0021a020,00208380,002235d8,00208388,-,-,002233e8,00208378,00223538,00208380,00223408,00208388,-,-,002233c0,00223410,002234a8,00208380,002233e0,00208388,-,-,00222f38,002199a0,00219b10,00208380,00222f58,00208388,-,-,00222ee8,002195e0,00219768,00208380,00222f30,00208388,-,-,00222eb8,002232c0
002fe770	320	Command_SetWobble_Read	00223350,00208380,00222ee0,00208388,-,-,00222e90,00223130,002231d8,00208380,00222eb0,00208388,-,-,00222e68,00208378,002230c8,00208380,00222e88,00208388,-,-,00222e38,00222f60,00223000,00208380,00222e60,00208388,-,-,00222a58,00219018,00219170,00208380,00222a80,00208388,-,-,00222a30,00218860,00218a08,00208380,00222a50,00208388,-,-,00222a08,00216dd8,00222d98,00208380,00222a28,00208388,-,-,002229e0,00217d40,002181c8,00208380,00222a00,00208388,-,-,002229b8,00216990,002176e8,00208380,002229d8,00208388,-,-,00222988,00216f18,00217300,00208380,002229b0,00208388,-,-,00222958,00216118,00216510,00208380,00222980,00208388,-,-,00222930,00208378,00222e18,00208380,00222950,00208388,-,-,002228e0,00222b50,00215fd0,00208380,00222928,00208388,-,-,00222890,00222b28,00215e88,00208380,002228d8,00208388,-,-,00222840,00222b00,00222d00,00208380,00222888,00208388,-,-,002227f0,00222ad8,00222c60,00208380,00222838,00208388,-,-,002227a0,00222ab0,00222c10,00208380,002227e8,00208388,-,-,00222750,00222a88,00222b78,00208380,00222798,00208388,-,-,00222268,002226a8,00215c68,00208380,00222290,00208388,-,-,00222240,002156e0,00215850,00208380,00222260,00208388,-,-,00222218,00208378,00222640,00208380,00222238,00208388,-,-,002221f0,00208378,002225f8,00208380,00222210,00208388,-,-,002221c8,00215330,00215460,00208380,002221e8,00208388,-,-,00222198,00214f70,002150d0,00208380,002221c0,00208388,-,-,00222170,00208378,002225c0,00208380,00222190,00208388,-,-,00222148,00208378,00222688,00208380,00222168,00208388,-,-,00222120,00208378,00222660,00208380,00222140,00208388,-,-,002220f0,00208378,00214e58,00208380,00222118,00208388,-,-,002220c0,00208378,00214c80,00208380,002220e8,00208388,-,-,00222090,00222468,002224f8,00208380,002220b8,00208388,-,-,00222068,00214630,00214728,00208380,00222088,00208388,-,-,00222040,00214978,00214aa8,00208380,00222060,00208388,-,-,00221fe8,002143c0,002144d8,00208380,00222038,00208388,-,-,00221fb8,002223d8,00214100,00208380,00221fe0,00208388,-,-,00221f90,00222298,00222318,00208380,00221fb0,00208388,-,-,00221f68,00213340,00213700,00208380,00221f88,00208388,-,-,00221f18,00213120,00213238,00208380,00221f60,00208388,-,-,00221ec8,00212ef8,00213000,00208380,00221f10,00208388,-,-,00221e70,00212b18,00212cb8,00208380,00221ec0,00208388,-,-,00221e18,002127d0,00212988,00208380,00221e68,00208388,-,-,00221ac0,002126e8
002ff170	129	Command_SetWobble_Read	00221d80,00208380,00221ae8,00208388,-,-,00221a70,00221c38,00221ce8,00208380,00221ab8,00208388,-,-,00221a08,00212028,00221ba0,00212298,00221a68,00208388,-,-,00220d10,00221950,002219e0,00208380,00220d30,00208388,-,-,00220ce8,002217c8,00221898,00208380,00220d08,00208388,-,-,00220cb0,00220cd8,00221658,00208380,00220ce0,00208388,-,-,00220c78,00220ca0,00221630,00208380,00220ca8,00208388,-,-,00220c48,002214d8,002215c8,00208380,00220c70,00208388,-,-,00220c18,00211d38,00221760,00208380,00220c40,00208388,-,-,00220be8,00221680,00221708,00208380,00220c10,00208388,-,-,00220bb8,00211b68,00211c58,00208380,00220be0,00208388,-,-,00220b90,00211738,00211888,00208380,00220bb0,00208388,-,-,00220b60,00211420,00211548,00208380,00220b88,00208388,-,-,00220b30,00211318,002213e8,00208380,00220b58,00208388,-,-,00220b08,00208378,002212a8,00208380,00220b28,00208388,-,-,00220ae0,00221310,002111a8,00208380,00220b00,00208388,-,-,00220ab8,002108a0,00221228
002ff578	338	002212a8	00208380,00220ad8,00208388,-,-,00220a90,00208378,002106d8,00208380,00220ab0,00208388,-,-,00220a68,00208378,00221120,00208380,00220a88,00208388,-,-,00220a40,00210aa0,002212e0,00210df8,00220a60,00208388,-,-,00220a10,00210980,002211c8,00208380,00220a38,00208388,-,-,002209e8,00221010,002210f8,00208380,00220a08,00208388,-,-,002209b0,002209d8,00221008,00208380,002209e0,00208388,-,-,00220978,002209a0,00220ff8,00208380,002209a8,00208388,-,-,00220920,00220f00,00220fa0,00208380,00220970,00208388,-,-,002208c8,00220e00,00220ea0,00208380,00220918,00208388,-,-,00220898,00210390,002210a8,00208380,002208c0,00208388,-,-,00220868,00210468,002105e0,00208380,00220890,00208388,-,-,00220830,00220858,00221930,00208380,00220860,00208388,-,-,002207f8,00220820,00221918,00208380,00220828,00208388,-,-,002207c8,00220d38,002102c8,00208380,002207f0,00208388,-,-,0011f068,0017ca20,0017ca20,0017ca20,0017ca20,-,-,002206e0,-,-,00123068,00123000,-,-,00123008,00123000,-,-,00122fa0,-,-,0022c228,0022c290,0011e1d8,-,-,0022c1f8,0022c258,0011e1d8,-,-,0022bfc0,0022c1e0,0011e1d8,-,-,0022bf90,0022c1a0,0011e1d8,-,-,0022bf60,00228d50,0011e1d8,-,-,0022bf28,0022c138,0011e1d8,-,-,0022bef8,0022c0d0,0011e1d8,-,-,0022bec8,0022c068,0011e1d8,-,-,0022be98,00228ab0,0011e1d8,-,-,0022be68,00228878,0011e1d8,-,-,0022be38,002286a0,0011e1d8,-,-,0022be08,00228578,0011e1d8,-,-,0022bdd8,002283b0,0011e1d8,-,-,0022bda8,00228118,0011e1d8,-,-,0022bd78,00227ee8,0011e1d8,-,-,0022bd48,00227d48,0011e1d8,-,-,0022bd18,00227c10,0011e1d8,-,-,0022bce8,00227b10,0011e1d8,-,-,0022bcb8,00227978,0011e1d8,-,-,0022bc88,002277f8,0011e1d8,-,-,0022bc58,002276e0,0011e1d8,-,-,0022bc28,00227580,0011e1d8,-,-,0022bbf8,00226fd8,0011e1d8,-,-,0022bbc8,00226cf0,0011e1d8,-,-,0022bb98,0022bff0,0011e1d8,-,-,0022bb68,00227488,0011e1d8,-,-,0022bb38,002272c0,0011e1d8,-,-,0022bb08,00226820,0011e1d8,-,-,0022bad8,00226af0,0011e1d8,-,-,0022baa8,002265f8,0011e1d8,-,-,0022ba78,00226378,0011e1d8,-,-,0022ba48,00226118,0011e1d8,-,-,0022ba18,00225f70,0011e1d8,-,-,0022b9e8,00225cf8,0011e1d8,-,-,0022b2f8,0022b9d8,0011e1d8,-,-,0022b2c8,0022b980,0011e1d8,-,-,0022b298,0022b928,0011e1d8,-,-,0022b268,0022b8d0,0011e1d8,-,-,0022b238,0022b678,0011e1d8,-,-,0022b208,0022b858,0011e1d8,-,-
00300030	2	ReadBaseTrigger,ReadJoint	0022b1a8,0022b768
00300040	4	LoadCollisionSurface,ReadBaseTrigger,ReadJoint	0011e1d8,-,-,0022b178
00300060	5	ReadJoint	0022b6f0,0011e1d8,-,-,0022b148
00300090	4	001df3c8,00295af8	0011e1d8,-,-,0022b118
003000b0	35	ReadOgi	0022b5a8,0011e1d8,-,-,0022b0e8,0022b540,0011e1d8,-,-,0022b0b8,0022b4c8,0011e1d8,-,-,0022b088,0022b450,0011e1d8,-,-,0022b058,0022b3d0,0011e1d8,-,-,0022b028,0022b390,0011e1d8,-,-,0022aff8,0022b328,0011e1d8,-,-,0022ab48
003001c8	249	00221af8	00225be0,0011e1d8,-,-,0022ab18,0022af80,0011e1d8,-,-,0022aae8,0022af60,0011e1d8,-,-,0022aab8,00225ac8,0011e1d8,-,-,0022aa88,0022ae70,0011e1d8,-,-,0022aa58,0022ae38,0011e1d8,-,-,0022aa28,0022ac40,0011e1d8,-,-,0022a9f8,0022abe8,0011e1d8,-,-,0022a9c8,0022adb0,0011e1d8,-,-,0022a998,0022ade8,0011e1d8,-,-,0022a968,0022ad78,0011e1d8,-,-,0022a938,0022ad10,0011e1d8,-,-,0022a908,002259a8,0011e1d8,-,-,0022a8d8,00225898,0011e1d8,-,-,0022a8a8,0022aca8,0011e1d8,-,-,0022a878,0022afb0,0011e1d8,-,-,0022a848,0022aef0,0011e1d8,-,-,0022a818,0022ae90,0011e1d8,-,-,0022a7e8,0022ab78,0011e1d8,-,-,0022a6d8,0022a7b8,0011e1d8,-,-,0022a6a8,0022a768,0011e1d8,-,-,0022a678,0022a708,0011e1d8,-,-,0022a3d0,0022a650,0011e1d8,-,-,0022a3a0,0022a5c0,0011e1d8,-,-,0022a370,0022a538,0011e1d8,-,-,0022a340,0022a5f0,0011e1d8,-,-,0022a310,0022a4c0,0011e1d8,-,-,0022a2e0,0022a428,0011e1d8,-,-,0022a2b0,0022a488,0011e1d8,-,-,0022a280,0022a400,0011e1d8,-,-,00229ff0,0022a200,0011e1d8,-,-,00229fc0,0022a1c8,0011e1d8,-,-,00229f90,0022a190,0011e1d8,-,-,00229f60,0022a160,0011e1d8,-,-,00229f30,0022a128,0011e1d8,-,-,00229f00,0022a0f0,0011e1d8,-,-,00229ed0,0022a0a8,0011e1d8,-,-,00229ea0,0022a048,0011e1d8,-,-,00229e70,0022a088,0011e1d8,-,-,00229e40,0022a020,0011e1d8,-,-,00229e10,0022a070,0011e1d8,-,-,00229c10,00229d40,0011e1d8,-,-,00229bd8,00229cf8,0011e1d8,-,-,00229ba8,00229cd0,0011e1d8,-,-,00229b78,00229c78,0011e1d8,-,-,00229b48,00229c40,0011e1d8,-,-,00229568,00229b08,0011e1d8,-,-,00229538,00229a90,0011e1d8,-,-,00229508,00229b18,0011e1d8,-,-,002294d8,00229a58,0011e1d8,-,-
00300990	2	002c5920	002294a8,00229a18
003009a0	8	FID_conflict:sceMcClose	0011e1d8,-,-,00229478,002299b0,0011e1d8,-,-
003009e0	22	FID_conflict:sceMcClose	00229448,00229980,0011e1d8,-,-,00229418,00229ab8,0011e1d8,-,-,002293e8,00229868,0011e1d8,-,-,002293b8,002297f0,0011e1d8,-,-,00229388,00229778
00300a90	42	00205fe8	0011e1d8,-,-,00229358,002296e8,0011e1d8,-,-,00229328,00229670,0011e1d8,-,-,002292f8,00229598,0011e1d8,-,-,00229148,00229290,0011e1d8,-,-,00229118,00229268,0011e1d8,-,-,002290e8,002291d0,0011e1d8,-,-,002290b8,002291a8,0011e1d8,-,-,00229088,00229178,0011e1d8,-
003028a0	2	00257018	0025bac0,0025cb88
003028b0	8	00255898	0025c4e8,0025c590,002576a8,0025bc30,0025c850,0025bc70,0025bc88,0025bca0
003028f0	24	002559e0	0025bcb8,0025bcd0,0025bce8,-,-,0025bac0,0025c7b8,0025c4e8,0025c590,002576a8,0025bc30,0025c850,0025bc70,0025bc88,0025bca0,0025bcb8,0025bcd0,0025bce8,-,-,0025c138,0025c168,0025c170,0025c1b0
003029b0	2	00255898	0025c1a0,0025cfc0
003029c0	12	00255738	0025cfd0,0025cfe8,-,-,0025c108,0017ca20,0017ca20,0017ca20,0017ca20,-,-,0025c078
00302a20	20	002559e0	0025c0a8,0025c0b0,0025c0f0,0025c0e0,0025d000,0025d010,0025d028,0025d040,-,-,0025c048,0017ca20,0017ca20,0017ca20,0017ca20,-,-,0025bac0,0025bbc0,0025c4e8
00302ac0	6	00255898	0025c590,002576a8,0025bc30,0025bc38,0025bc70,0025bc88
00302af0	14	00255738	0025bca0,0025bcb8,0025bcd0,0025bce8,-,-,0025b9e8,0025ba88,0025c4e8,0025c590,0025c4f0,0025c9f8,0025ca00,0025ca10
00302b60	18	002559e0	0025ca18,0025ca28,0025ca30,0025ca48,0025ca50,-,-,0025c428,0025c9c8,0025c4e8,0025c590,0025c4f0,0025c9f8,0025ca00,0025ca10,0025ca18,0025ca28,0025ca30
00302bf0	16	00255738	0025ca48,0025ca50,-,-,0025ad38,0025ad68,0025ad98,0025adc8,0025adf8,0025ae28,0025aed8,0025af08,0025b538,0025a830,0025a858,002559e0
00302c70	101	002559e0	0025a8c8,00257088,-,-,0025b6e0,0025b710,0025b740,0025b770,0025b7a0,0025b7e0,0025b890,0025b8c0,0025b400,0025a830,0025a858,00256e78,0025a8c8,00256788,-,-,0025b6e0,0025b710,0025b740,0025b770,0025b7a0,0025b7e0,0025b890,0025b8c0,0025b3b0,0025a830,0025a858,002559e0,0025a8c8,0025a890,-,-,0025ad38,0025ad68,0025ad98,0025adc8,0025adf8,0025ae28,0025aed8,0025af08,0025b248,0025a830,0025a858,00256378,0025a8c8,00256518,-,-,0025ad38,0025ad68,0025ad98,0025adc8,0025adf8,0025ae28,0025aed8,0025af08,0025b158,0025a830,0025a858,002559e0,0025a8c8,00256238,-,-,0025ad38,0025ad68,0025ad98,0025adc8,0025adf8,0025ae28,0025aed8,0025af08,0025aaf8,0025a830,0025abe0,00255e50,0025ac40,00256018,-,-,0025c3c0,00258518,0025aaf0,-,-,0025aa30,0025aa38,0025aa40,0025bed8,0025aa68,0025aa70,0025c268,0025aa78,-,-,0025c428,0025c4b8
00302f98	34	0025ab38	0025c4e8,0025c590,0025c4f0,0017ca20,0017ca20,0017ca20,0017ca20,0017ca20,0017ca20,0017ca20,0017ca20,-,-,0025ad38,0025ad68,0025ad98,0025adc8,0025adf8,0025ae28,0025aed8,0025af08,0025a978,0025a830,0025a858,002559e0,0025a8c8,00255d08,-,-,0025a510,0025a550,0025a5b0,0025a610,0025a680
003030a8	50	00260310	0025a6f0,-,-,0025ad38,0025ad68,0025ad98,0025adc8,0025adf8,0025ae28,0025aed8,0025af08,0025a228,0025a830,0025a858,002559e0,0025a8c8,00255450,-,-,0025ad38,0025ad68,0025ad98,0025adc8,0025adf8,0025ae28,0025aed8,0025af08,0025a1e8,0025a830,0025a858,002559e0,0025a8c8,0025a890,-,-,0017ca20,0017ca20,0017ca20,0017ca20,0017ca20,0017ca20,0017ca20,0017ca20,0025a760,0025a830,0025a858,002559e0,0025a8c8,0025a890,-
003032c8	5	0025a830	002559e0,0025a8c8,0025a890,-,-
003035b0	28	InitInstanceConstructor	0017ca20,0017ca20,0017ca20,-,-,00261d28,00261d78,-,-,00261cd0,00261d20,-,-,00262fd0,-,-,00261c98,0025d098,-,-,00263ae0,00263b30,-,-,00122ec0,0017ca20,-,-
00304400	86	00266a90	0026cd60,-,-,00268498,0026cd98,0026cdf0,0026cdf8,0026ce08,0026ced0,0026cf08,0026cf48,-,-,00268468,0026cf80,0026cfd8,0026cfe0,0026cff0,0026d0b8,0026d0f0,0026d130,-,-,00268438,0026d168,0026d1c0,0026d1c8,0026d1d8,0026d2a0,0026d2d8,0026d318,-,-,00268408,0026a810,00179358,-,-,00269bf0,00269cc8,0026c9a8,00269d50,-,-,00269a50,002699c8,0026c9a8,0026c9b8,-,-,002681d0,002682a8,0026cb30,0026cb70,-,-,00268330,002682a8,0026cb30,0026cb70,-,-,00267f98,00268070,0026cd18,0026cd58,-,-,002680f8,00268070,0026cd18,0026cd58,-,-,00267d60,00267e38,0026cf00,0026cf40,-,-,00267ec0,00267e38,0026cf00,0026cf40,-,-
003046b8	23	00268eb0	002697b8,0026d0e8,00269940,-,-,00269850,002697b8,0026d0e8,0026d128,-,-,00267a40,00267b18,0026d2d0,0026d310,-,-,00267ba0,00267b18,0026d2d0,0026d310,-,-
00304a90	70	00205fe8	0026eb00,0026eb10,0026eb28,0026eb40,-,-,0026d828,0017ca20,0017ca20,0017ca20,0017ca20,-,-,001f6880,0017ca20,0017ca20,0017ca20,-,-,001794f8,0017ca20,0017ca20,0017ca20,0017ca20,0017ca20,00179528,00179530,-,-,0017c7e0,0017ca20,00179358,-,-,-,0026ee58,0026eb88,0017ca20,-,-,0026eed0,0026ef20,-,-,0027e888,0026f330,0026f3f0,0026f778,0027e8b8,0027e8e0,0027e8e8,-,-,0027e6c8,0026f330,0026f3f0,0026f778,0027e718,0027e770,0027e778,-,-,0027e218,0027e240,0027e210,-,-,0027df20,0027df50,0027e0b0
00304cc0	2	0027b640	0027a918,0027df60
00304cd0	2	0027b798	0027e030,0027de28
00304ce0	4	0027b798	0027e100,-,-,0027cd20
00304d00	2	0027af78	0027cd58,0027cd90
00304d10	6	0027af78	0027cd78,0027c240,0027b760,-,-,0027cbf8
00304d40	8	0027b6c0	0027cc28,00279208,0027cbd8,0027b798,-,-,0027ca40,0027ca70
00304d80	2	0027b6c0,0027bc48	00278960,0027ca90
00304d90	6	0027bac8	0027c240,0027b760,-,-,0027c480,0027c4f0
00304dc0	8	0027be38	00274048,00274b20,00274820,0027c408,00275978,-,-,0027c830
00304e00	9	0027b730	00277828,00277b10,002782e0,0027c898,-,-,0027bd18,0027dd48,0027ddb0
00304e48	9	0027bc48	0027b9d0,0027bd40,0027ddb8,-,-,0027bc48,0027dbe8,0027dbf8,0027b9d0
00304e90	23	00205fe8	0027bd08,0027dd30,-,-,0027bc18,0027da60,0027db18,0027b9d0,0027bc40,0027db38,-,-,0027bbd0,0027a770,0027da20,0027b9d0,0027bc00,0027da28,-,-,0027bb98,0027a570,0027d880
00304f48	54	0027bac8	0027b9d0,0027bbc0,0027d890,-,-,0027bad8,0027d298,0027a248,0027b9d0,0027bb80,0027cdf8,-,-,0027ba60,0027cfe8,0027d0e8,0027b9d0,0027bac8,0027a178,-,-,0027ba30,00279810,0027cef0,0027cfb8,0027ba58,00279990,-,-,0027d550,0027d580,0027d598,0027b9d0,0027ba20,0027d5a8,-,-,0027d688,0027d6e8,0027d770,0027b9d0,0027ba08,0027d7f0,-,-,0027d368,0027d398,0027d3f8,0027b9d0,0027b9f8,0027d4b0,-,-,0027cdc8
003050f8	12	0027cf58	0017ca20,0017ca20,0027b9d0,0017ca20,0027cdf8,-,-,0027b9a0,0026fa58,-,-,0026f228
00305158	2	0026f330	0026f330,0026f3f0
00305168	8	0026f330	0026f778,-,-,00192588,0027e440,001f6160,0019a328,0027b7e8
003051a8	61	0027cf58	0019a330,001f61a8,001f5428,0019a348,0027b7f0,0027e3c8,0027e3d0,0027e3d8,0027aa80,0027e3e0,001f5fe0,-,-,0027b768,0017ca20,0017ca20,0017ca20,0027b798,-,-,0027c210,0017ca20,0017ca20,0017ca20,0027c240,0027b760,-,-,00192588,0027bef0,001925a8,0027bfb8,0027b5f8,0019a330,0027c068,00270ad8,0019a348,0027b600,-,-,0027e998,-,-,0027e938,-,-,0027e900,0017ca20,0017ca20,0017ca20,0017ca20,0017ca20,0017ca20,0017ca20,-,-,00282508,00282538,00179358,-,-
00305610	11	00291ad8	00192588,00291ab0,001925a8,002918a0,00291878,0019a330,0019a338,00291aa8,0019a348,00291880,-
00305690	136	00205fe8	00179358,-,-,001a1ef8,001a2df0,001a2e00,001a2e08,001a2e18,001a2f48,00179528,00179530,-,-,001a1e28,001a2f68,001a2f78,001a2f80,001a2f90,001a30c0,00179528,00179530,-,-,001a1d58,001a30e0,001a30f0,001a30f8,001a3108,001a3238,00179528,00179530,-,-,001a1c88,001a3258,001a3268,001a3270,001a3280,001a33b0,00179528,00179530,-,-,001a1bb8,001a33d0,001a33e0,001a33e8,001a33f8,001a3528,00179528,00179530,-,-,001a1ae8,001a3548,001a3558,001a3560,001a3570,001a36a0,00179528,00179530,-,-,00299110,002993b8,00179358,-,-,00298b40,00298b70,00298b78,00298bb8,00298ba8,00299aa8,00299ab8,00299ad0,00299ae8,-,-,00298b10,0017ca20,0017ca20,0017ca20,0017ca20,-,-,00297d00,00299170,00179358,-,-,001a6270,001a62a0,00179358,-,-,001a6240,001a6300,00179358,-,-,001a6210,001a6360,00179358,-,-,001a61e0,001a63c0,00179358,-,-,001a61b0,001a6420,00179358,-,-,001a6180,001a6480,00179358,-,-,001794f8,0017ca20,0017ca20,0017ca20,0017ca20,0017ca20,00179528,00179530,-,-,0017c7e0,0017ca20,00179358,-,-
00306cb0	12	002b00c8	002af288,002af3b0,002b0170,002b01e8,002b0238,002b0280,-,-,0017ca20,0017ca20,002b0340,0017ca20
00306d10	6	002b0238	0017ca20,0017ca20,0017ca20,002afd48,002afd58,-
00307158	49	ReadChar?	0017ca20,0017ca20,0017ca20,0017ca20,0017ca20,0017ca20,0017ca20,0017ca20,0017ca20,0017ca20,0017ca20,0017ca20,0017ca20,0017ca20,0017ca20,0017ca20,0017ca20,0017ca20,0017ca20,0017ca20,0017ca20,0017ca20,0017ca20,0017ca20,0017ca20,0017ca20,0017ca20,0017ca20,0017ca20,0017ca20,0017ca20,0017ca20,-,-,002b5a98,0017ca20,002b5ac8,-,-,002b5998,002b59c8,002b59d8,002b59f8,002b59e8,002b7358,002b7368,002b7378,-,-
003072e0	20	002b59f8	002b5968,0017ca20,0017ca20,0017ca20,0017ca20,-,-,002b7390,002b73c0,00179358,-,-,0017c7e0,0017ca20,00179358,-,-,00122ec0,0017ca20,-
